name,kind,stage,start,end,facecolor,edgecolor,offset,line_width,line_style,marker
Freundin 1,Longterm,FWB,2010-04-01,2010-07-03,xkcd:burple,xkcd:burple,0,2,dashed,o
Freundin 1,Longterm,Relationship,2010-07-03,2013-07-19,xkcd:burple,xkcd:burple,0,4,solid,o
Freundin 2,Longterm,FWB,2014-06-05,2014-07-19,xkcd:maroon,xkcd:maroon,0,2,dashed,o
Freundin 2,Longterm,FWB,2014-10-03,2014-11-02,xkcd:maroon,xkcd:maroon,0,2,dashed,o
Freundin 2,Longterm,Complicated,2014-11-15,2015-04-05,xkcd:maroon,xkcd:maroon,0,2,solid,o
Freundin 2,Longterm,Relationship,2015-04-06,2016-12-31,xkcd:maroon,xkcd:maroon,0,4,solid,o
Name 1,Date,Sex,2010-05-26,,grey,grey,1,2,solid,o
Name 2,Date,No action,2010-06-15,,grey,grey,1,2,solid,.
Name 3,Date,Sex,2010-09-30,,grey,grey,1,2,solid,o
Name 4,Date,Sex,2010-11-27,,grey,grey,1,2,solid,o
Name 5,Date,Sex,2011-11-29,,grey,grey,1,2,solid,o
Name 6,Date,Kiss,2011-10-03,,None,grey,1,2,solid,o
Name 7,Date,Kiss,2011-12-13,,None,grey,1,2,solid,o
Name 8,Date,No action,2012-06-29,,grey,grey,1,2,solid,.
Name 9,Date,Sex,2013-03-18,,grey,grey,1,2,solid,o
Name 10,Date,No action,2013-10-19,,grey,grey,0,2,solid,.
Name 11,Date,Kiss,2013-10-31,,None,grey,0,2,solid,o
Name 12,Date,No action,2014-01-25,,grey,grey,1,2,solid,.
Name 13,Date,Sex,2014-03-18,,grey,grey,1,2,solid,o
Name 14,Date,Sex,2014-05-16,,grey,grey,1,2,solid,o
Name 16,Date,Kiss,2015-04-09,,None,xkcd:pastel red,1,2,solid,o
Name 16,Date,Sex,2011-07-14,,xkcd:pastel red,xkcd:pastel red,1,2,solid,o
FWB 1,Longterm,FWB,2010-04-19,2010-06-12,xkcd:tomato,xkcd:tomato,-1,2,dashed,o
FWB 1,Longterm,Relationship,2010-06-13,2010-08-21,xkcd:tomato,xkcd:tomato,-1,4,solid,o
FWB 2,Longterm,FWB,2011-03-01,2011-06-30,xkcd:royal purple,xkcd:royal purple,-1,2,dashed,o
FWB 3,Longterm,FWB,2011-05-24,2011-06-30,xkcd:greeny blue,xkcd:greeny blue,-2,2,dashed,o
Dora,Date,Sex,2010-11-05,,xkcd:darkish green,xkcd:darkish green,1,2,solid,o
Dora,Date,Sex,2010-12-04,,xkcd:darkish green,xkcd:darkish green,1,2,solid,o
Charlie,Date,No action,2015-04-29,,xkcd:dull purple,xkcd:dull purple,1,2,solid,.
Charlie,Date,Kiss,2015-06-21,,None,xkcd:dull purple,1,2,solid,o
Bob,Date,Kiss,2011-04-27,,None,xkcd:vermillion,1,2,solid,o
Bob,Date,Sex,2011-05-07,,xkcd:vermillion,xkcd:vermillion,1,2,solid,o
Bob,Date,Sex,2012-06-22,,xkcd:vermillion,xkcd:vermillion,1,2,solid,o
FWB 4,Date,Kiss,2013-02-07,,None,xkcd:barney,-1,2,solid,o
FWB 4,Date,Sex,2013-04-26,,xkcd:barney,xkcd:barney,-1,2,solid,o
FWB 4,Longterm,FWB,2013-10-22,2014-07-19,xkcd:barney,xkcd:barney,-1,2,dashed,o
FWB 4,Longterm,FWB,2014-09-01,2014-10-31,xkcd:barney,xkcd:barney,-1,2,dashed,o
FWB 5,Longterm,FWB,2014-01-19,2014-05-19,xkcd:bluish,xkcd:bluish,0,2,dashed,o
Alice,Date,Sex,2014-01-24,,xkcd:pinky red,xkcd:pinky red,2,2,solid,o
Alice,Date,Sex,2014-01-26,,xkcd:pinky red,xkcd:pinky red,2,2,solid,o
