name,kind,stage,start,end,facecolor,edgecolor,offset,line_width,line_style,marker
Karoline Bockelmann,Date,Sex,2010-05-26,,grey,grey,1,2,solid,o
Anne Faber,Date,Kiss,2010-06-15,,None,grey,1,2,solid,o
Olga Lesenko,Date,Sex,2010-09-30,,grey,grey,0,2,solid,o
Steffi Nigel,Date,Sex,2010-11-27,,grey,grey,0,2,solid,o
Marie Maaß,Date,Sex,2011-11-29,,grey,grey,1,2,solid,o
Undine,Date,Kiss,2011-12-03,,None,grey,2,2,solid,o
Alex Heinbuch,Date,Kiss,2011-12-03,,None,grey,3,2,solid,o
Sonja,Date,No action,2012-06-29,,grey,grey,0,2,solid,.
Elly Erhard,Date,Sex,2013-03-18,,grey,grey,0,2,solid,o
Anne Htm,Date,Kiss,2013-10-19,,None,grey,0,2,solid,o
Theresa Krispin,Date,Kiss,2013-10-31,,None,grey,0,2,solid,o
Irina,Date,Sex,2014-01-25,,grey,grey,1,2,solid,o
Chrissi,Date,Sex,2014-03-18,,grey,grey,1,2,solid,o
Miriam Meurer,Date,Sex,2014-05-16,,grey,grey,1,2,solid,o
Lisa Barta,Date,Kiss,2015-04-09,,None,grey,1,2,solid,o
Hannah Astor,Date,Sex,2017-02-03,,grey,grey,1,2,solid,o
Nicole,Date,Sex,2017-03-03,,grey,grey,1,2,solid,o
Diane,Date,Kiss,2017-03-24,,None,grey,1,2,solid,o
Katja Blind,Date,No action,2018-03-03,,grey,grey,1,2,solid,.
Alevtina,Date,Kiss,2018-04-27,,None,grey,1,2,solid,o
Maddy,Date,Kiss,2018-11-02,,None,grey,1,2,solid,o
Miriam Psycho,Date,Sex,2018-12-09,,grey,grey,1,2,solid,o
Bella,Date,No action,2019-02-23,,grey,grey,1,2,solid,.
Barbara 'Babsi' Fleschutz,Date,Sex,2019-04-06,,grey,grey,1,2,solid,o
Annalena,Date,Sex,2020-08-27,,grey,grey,1,2,solid,o
Ruminaz,Date,Sex,2021-08-26,,grey,grey,1,2,solid,o
Maryse,Date,Sex,2011-07-14,,grey,grey,0,2,solid,o
Nathalie,Longterm,Complicated,2006-07-29,2007-03-31,xkcd:dull purple,xkcd:dull purple,-3,2,solid,o
Nathalie,Longterm,Relationship,2007-04-01,2010-07-03,xkcd:dull purple,xkcd:dull purple,-3,4,solid,o
Nathalie,Longterm,Relationship,2010-09-12,2014-07-19,xkcd:dull purple,xkcd:dull purple,-3,4,solid,o
Disa,Longterm,FWB,2010-04-19,2010-06-12,xkcd:kelly green,xkcd:kelly green,0,2,dashed,o
Disa,Longterm,Relationship,2010-06-13,2010-08-21,xkcd:kelly green,xkcd:kelly green,0,4,solid,o
Julia,Longterm,FWB,2014-06-05,2014-07-19,xkcd:cerulean,xkcd:cerulean,0,2,dashed,o
Julia,Longterm,FWB,2014-10-03,2014-11-02,xkcd:cerulean,xkcd:cerulean,0,2,dashed,o
Julia,Longterm,Complicated,2014-11-15,2015-04-05,xkcd:cerulean,xkcd:cerulean,0,2,solid,o
Julia,Longterm,Relationship,2015-04-06,2017-01-25,xkcd:cerulean,xkcd:cerulean,0,4,solid,o
Julia,Longterm,FWB,2017-02-20,2017-02-22,xkcd:cerulean,xkcd:cerulean,0,2,dashed,o
Julia,Longterm,FWB,2017-10-30,2019-05-03,xkcd:cerulean,xkcd:cerulean,0,2,dashed,o
Julia,Longterm,Complicated,2019-05-04,2019-10-27,xkcd:cerulean,xkcd:cerulean,0,2,solid,o
Julia,Longterm,Relationship,2019-10-28,2023-12-31,xkcd:cerulean,xkcd:cerulean,0,4,solid,o
Linnea,Date,Kiss,2009-11-01,,None,xkcd:tomato,-2,2,solid,o
Linnea,Date,Kiss,2009-12-13,,None,xkcd:tomato,-2,2,solid,o
Linnea,Date,Kiss,2009-11-08,,None,xkcd:tomato,-2,2,solid,o
Linnea,Longterm,FWB,2011-06-03,2011-06-08,xkcd:tomato,xkcd:tomato,-2,2,dashed,o
Mary,Longterm,FWB,2011-03-01,2011-06-30,xkcd:pastel red,xkcd:pastel red,0,2,dashed,o
Kerstin,Longterm,FWB,2011-05-24,2011-06-30,xkcd:watermelon,xkcd:watermelon,-1,2,dashed,o
Julia Wagner,Date,Sex,2010-11-05,,xkcd:tomato,xkcd:tomato,0,2,solid,o
Julia Wagner,Date,Sex,2010-12-04,,xkcd:tomato,xkcd:tomato,0,2,solid,o
Nadia,Date,Kiss,2015-04-29,,None,xkcd:easter purple,2,2,solid,o
Nadia,Date,Kiss,2015-06-21,,None,xkcd:easter purple,2,2,solid,o
Nadia,Date,Sex,2017-03-24,,xkcd:easter purple,xkcd:easter purple,2,2,solid,o
Nadia,Date,Sex,2017-03-29,,xkcd:easter purple,xkcd:easter purple,2,2,solid,o
Nadia,Date,Sex,2017-04-15,,xkcd:easter purple,xkcd:easter purple,2,2,solid,o
Nadia,Date,Sex,2018-04-28,,xkcd:easter purple,xkcd:easter purple,2,2,solid,o
Nadia,Date,Sex,2018-04-29,,xkcd:easter purple,xkcd:easter purple,2,2,solid,o
Anna,Date,Sex,2011-04-27,,xkcd:topaz,xkcd:topaz,1,2,solid,o
Anna,Date,Sex,2011-05-07,,xkcd:topaz,xkcd:topaz,1,2,solid,o
Anna,Date,Sex,2012-06-22,,xkcd:topaz,xkcd:topaz,1,2,solid,o
Thea,Date,Kiss,2018-11-16,,None,xkcd:pastel red,2,2,solid,o
Thea,Date,Sex,2018-11-26,,xkcd:pastel red,xkcd:pastel red,2,2,solid,o
Thea,Date,Sex,2018-11-29,,xkcd:pastel red,xkcd:pastel red,2,2,solid,o
Thea,Date,Sex,2018-12-06,,xkcd:pastel red,xkcd:pastel red,2,2,solid,o
Charly,Longterm,FWB,2017-03-06,2017-07-30,xkcd:burple,xkcd:burple,-1,2,dashed,o
Indra,Date,Kiss,2017-10-27,,None,xkcd:bluish,2,2,solid,o
Indra,Date,Sex,2017-11-10,,xkcd:bluish,xkcd:bluish,2,2,solid,o
Indra,Date,Sex,2018-08-08,,xkcd:bluish,xkcd:bluish,2,2,solid,o
Indra,Date,Sex,2018-08-15,,xkcd:bluish,xkcd:bluish,2,2,solid,o
Indra,Date,Sex,2018-10-26,,xkcd:bluish,xkcd:bluish,2,2,solid,o
Indra,Date,Kiss,2019-02-25,,None,xkcd:bluish,2,2,solid,o
Indra,Date,Sex,2019-04-12,,xkcd:bluish,xkcd:bluish,2,2,solid,o
Indra,Date,Sex,2019-05-06,,xkcd:bluish,xkcd:bluish,2,2,solid,o
Katja,Longterm,FWB,2014-01-19,2014-05-19,xkcd:cranberry,xkcd:cranberry,0,2,dashed,o
Lara,Date,Kiss,2013-02-07,,None,xkcd:bluish,-2,2,solid,o
Lara,Date,Sex,2013-04-26,,xkcd:bluish,xkcd:bluish,-2,2,solid,o
Lara,Longterm,FWB,2013-10-22,2014-07-19,xkcd:bluish,xkcd:bluish,-2,2,dashed,o
Lara,Longterm,FWB,2014-09-01,2014-10-31,xkcd:bluish,xkcd:bluish,-2,2,dashed,o
Tamara,Date,Kiss,2015-04-27,,None,xkcd:maroon,3,2,solid,o
Tamara,Date,Sex,2017-02-07,,xkcd:maroon,xkcd:maroon,3,2,solid,o
Swetlana,Date,Sex,2012-12-03,,xkcd:lime,xkcd:lime,0,2,solid,o
Swetlana,Date,Sex,2012-12-28,,xkcd:lime,xkcd:lime,0,2,solid,o
Nancy,Date,Sex,2014-01-24,,xkcd:pale teal,xkcd:pale teal,2,2,solid,o
Nancy,Date,Sex,2014-01-26,,xkcd:pale teal,xkcd:pale teal,2,2,solid,o
Larry,Date,Sex,2011-12-03,,xkcd:royal purple,xkcd:royal purple,4,2,solid,o
Larry,Date,Sex,2018-11-22,,xkcd:royal purple,xkcd:royal purple,4,2,solid,o
Larry,Date,Sex,2018-12-07,,xkcd:royal purple,xkcd:royal purple,4,2,solid,o
Carina,Date,Sex,2021-10-14,,xkcd:periwinkle,xkcd:periwinkle,1,2,solid,o
Carina,Date,Sex,2022-05-13,,xkcd:periwinkle,xkcd:periwinkle,1,2,solid,o
Erika Larsson,Date,Kiss,2010-06-01,,None,xkcd:sickly green,1,2,solid,o
Erika Larsson,Date,Kiss,2010-06-26,,None,xkcd:sickly green,1,2,solid,o
