special,kind,start,participants,comment,count,symbol_key,facecolor,edgecolor,size
Iwas,ffm,2013-11-26,Lisa;Leonie,,4,symbols\devil.png,grey,grey,9
Wieder iwas,ffm,2013-12-10,Lisa;Alice,,4,symbols\devil.png,grey,grey,9
Muffins!,ffm,2013-09-06,Nicole;Franca,,4,symbols\devil.png,grey,grey,9
Noch maaaaal,ffm,2015-07-10,Nicole;Franca,,4,symbols\devil.png,grey,grey,9
Nach der Disco,mmf,2011-10-22,Tim;Anna,,2,symbols\fire.png,grey,grey,9
Freundin wollte,mmf,2014-01-23,Tim;Nadine,,2,symbols\fire.png,grey,grey,9
Silvester war gut,Party,2014-02-23,Ganz viele,,2,symbols\heart-eyes.png,grey,grey,9
WG Party eskaliert,Party,2014-03-02,Noch mehr,,2,symbols\heart-eyes.png,grey,grey,9
