special,kind,start,participants,comment,count,symbol_key,offset,facecolor,edgecolor,size
Nach der Bierdusche,mmf,2011-11-26,Marie Maaß;Tino,,11,symbols\devil.png,0,grey,grey,9
Nach der Party im AWO,ffm,2011-12-10,Larry;Vreni,,11,symbols\fire.png,0,grey,grey,9
Nacha Havanna Night,mmf,2012-12-06,Swetlana;Jan,,11,symbols\devil.png,0,grey,grey,9
Auf Einladung,mmf,2013-07-10,Swetlana;Mann,,11,symbols\devil.png,0,grey,grey,9
Weil du zu fett bist,ffm,2013-10-22,Lara;Coco,,11,symbols\fire.png,0,grey,grey,9
Nach Wonnemar?,ffm,2014-01-23,Lara;Katja,,11,symbols\fire.png,0,grey,grey,9
Keine Ahnung :D,ffm,2014-02-23,Lara;Katja,,11,symbols\fire.png,0,grey,grey,9
Keine Muffins,ffm,2014-03-02,Lara;Katja,,11,symbols\fire.png,0,grey,grey,9
Nach Theatro,ffmm,2014-02-15,Lara;Katja;Mark,,4,symbols\heart-eyes.png,0,grey,grey,9
Gangbang Party bei Leo,Party,2014-05-16,Miriam Meurer;Lara;Chrissi;Frau;Miris Freund; ,,1,symbols\poo-1.png,0,grey,grey,9
Letzte Chance,mmf,2017-03-11,Julia;Jojo,,11,symbols\devil.png,0,grey,grey,9
Gelegenheit ergreifen; 2 Std anal non-stop,mmf,2019-02-01,Julia;Doc,,11,symbols\devil.png,0,grey,grey,9
DP geschafft,mmf,2019-05-04,Julia;Doc,,11,symbols\devil.png,0,grey,grey,9
Mit R+ckenschmerzen,mmf,2020-04-04,Julia;Joh,,11,symbols\devil.png,0,grey,grey,9
War sehr underwhelming,ffm,2020-05-04,Julia;Jana,,11,symbols\fire.png,0,grey,grey,9
Guter plan - totaler fail,ffmm,2020-07-18,Julia;Joh;Jana,,4,symbols\heart-eyes.png,0,grey,grey,9
Etwas awkward mit BJ am nächsten Tag,mmf,2021-03-13,Marina;Raphi,,11,symbols\devil.png,0,grey,grey,9
Ich glaube weil ich so frustriert war?,ffm,2021-07-18,Julia;Marina,,11,symbols\fire.png,0,grey,grey,9
Zürich 1,ffm,2021-11-06,Julia;Marina,,11,symbols\fire.png,0,grey,grey,9
Zürich 2,ffm,2021-11-07,Julia;Marina,,11,symbols\fire.png,0,grey,grey,9
Wahrheit oder Pflicht,Orgie,2021-12-30,Julia;Marina;Katja;Carina;Raphi;Felix,,2,symbols\pig.png,0,grey,grey,9
Bei ihr,mmf,2022-01-15,Raphi;Carina,,11,symbols\devil.png,0,grey,grey,9
Surpriiiiiiiise!,ffm,2022-02-13,Julia;Carina,,11,symbols\fire.png,0,grey,grey,9
Kam zu spät wegen keine Kondome,ffmm,2022-04-25,Julia;Carina;Felix,,4,symbols\heart-eyes.png,0,grey,grey,9
Nur Sex mit Carina,ffm,2022-07-11,Carina;Daria,,11,symbols\fire.png,0,grey,grey,9
Einfach so,mmf,2022-07-14,Julia;Felix,,11,symbols\devil.png,0,grey,grey,9
Einfach so nochmal,mmf,2022-09-27,Julia;Felix,,11,symbols\devil.png,0,grey,grey,9
Nach der Initiation of Elli wg. Flaschendrehen,ffmm,2022-09-29,Carina;Elli;Felix,,4,symbols\heart-eyes.png,0,grey,grey,9
Wurde besser als erwartet,Orgie,2022-12-30,Julia;Elli;Raphi;Felix,,2,symbols\pig.png,0,grey,grey,9
